ID; Prénom; Nom; Age; Job; Ville; Tel; Adresse mail
1; Pablo; Lucas; 29; Personne sans activité professionnelle; Lorient; 0770120677; marcogzapro@gmail.com
2; Amir; Dumas; 50; Chefs d'entreprise; Ivry-sur-Seine; 0634323087; marcogzapro@gmail.com
3; Mael; Roche; 73; Retraité; Tourcoing; 0732471689; marcogzapro@gmail.com
4; Gabin; Schmitt; 69; Retraité; Le Mans; 0681783843; marcogzapro@gmail.com
5; Sacha; Guerin; 30; Cadres; Toulon; 0733433190; marcogzapro@gmail.com
6; Marceau; Faure; 69; Retraité; Dunkerque; 0718397968; marcogzapro@gmail.com
7; Jules; Lemaire; 42; Ouvriers; Villeurbanne; 0757611609; marcogzapro@gmail.com
8; Ali; Perrin; 33; Professions intermédiaires; Colombes; 0632032682; marcogzapro@gmail.com
9; Noam; Lemoine; 36; Ouvriers; Béziers; 0794534672; marcogzapro@gmail.com
10; Louis; Caron; 28; Ouvriers; Tours; 0765852347; marcogzapro@gmail.com
11; Come; Francois; 55; Professions intellectuelles superieures; Montauban; 0779782938; marcogzapro@gmail.com
12; Mohamed; Petit; 18; Cadres; Levallois-Perret; 0645850023; marcogzapro@gmail.com
13; Tiago; Dumont; 19; Artisans; Colmar; 0716017918; marcogzapro@gmail.com
14; Raphael; Fontaine; 71; Retraité; Pantin; 0765967058; marcogzapro@gmail.com
15; Lyam; Fontaine; 33; Commercants; Sarcelles; 0788234422; marcogzapro@gmail.com
16; Alexandre; Fontaine; 46; Personne sans activité professionnelle; Clermont-Ferrand; 0670065788; marcogzapro@gmail.com
17; Axel; Arnaud; 39; Chefs d'entreprise; Nice; 0645971565; marcogzapro@gmail.com
18; Owen; Garcia; 18; Cadres; Cherbourg-en-Cotentin; 0781298294; marcogzapro@gmail.com
19; Ibrahim; Meyer; 35; Commercants; Nice; 0633860732; marcogzapro@gmail.com
20; Eden; Roger; 42; Employes; Cannes; 0773764499; marcogzapro@gmail.com
21; Malo; Mathieu; 40; Employes; Pessac; 0627885957; marcogzapro@gmail.com
22; Malo; Boyer; 73; Retraité; Pau; 0690915493; marcogzapro@gmail.com
23; Maxence; Bertrand; 71; Retraité; Boulogne-Billancourt; 0721852589; marcogzapro@gmail.com
24; Yanis; Olivier; 49; Ouvriers; Rennes; 0773701609; marcogzapro@gmail.com
25; Come; Robert; 37; Professions intellectuelles superieures; Versailles; 0644415866; marcogzapro@gmail.com
26; Martin; Lambert; 36; Employes; Mulhouse; 0786244759; marcogzapro@gmail.com
27; Charlie; Muller; 44; Personne sans activité professionnelle; Avignon; 0710999481; marcogzapro@gmail.com
28; Marin; Roussel; 57; Ouvriers; Noisy-le-Grand; 0671785189; marcogzapro@gmail.com
29; Leon; Richard; 36; Professions intermédiaires; Poitiers; 0681065160; marcogzapro@gmail.com
30; Tiago; Noel; 69; Retraité; Courbevoie; 0736427609; marcogzapro@gmail.com
31; Jules; Gerard; 31; Professions intellectuelles superieures; Angers; 0787992512; marcogzapro@gmail.com
32; Oscar; Brun; 42; Employes; Troyes; 0768731432; marcogzapro@gmail.com
33; Malo; Perrin; 18; Ouvriers; Caen; 0729335686; marcogzapro@gmail.com
34; Gabin; Joly; 34; Professions intermédiaires; Champigny-sur-Marne; 0629632014; marcogzapro@gmail.com
35; Anas; Olivier; 46; Professions intellectuelles superieures; Aubervilliers; 0743409055; marcogzapro@gmail.com
36; Theo; Bourgeois; 53; Professions intermédiaires; Antony; 0658274055; marcogzapro@gmail.com
37; Gabin; Colin; 64; Cadres; Troyes; 0741445829; marcogzapro@gmail.com
38; Timothee; Pierre; 78; Retraité; La Seyne-sur-Mer; 0664128820; marcogzapro@gmail.com
39; Auguste; Picard; 59; Chefs d'entreprise; Saint-Denis; 0630322169; marcogzapro@gmail.com
40; Raphael; Nicolas; 53; Agriculteurs exploitants; Nancy; 0793496382; marcogzapro@gmail.com
41; Thomas; Aubert; 72; Retraité; Villeneuve-d'Ascq; 0744731009; marcogzapro@gmail.com
42; Leandre; Noel; 63; Artisans; Clermont-Ferrand; 0650173790; marcogzapro@gmail.com
43; Ilyes; Riviere; 64; Artisans; Nantes; 0716610248; marcogzapro@gmail.com
44; Nathan; Mercier; 46; Professions intermédiaires; Saint-Pierre; 0692283775; marcogzapro@gmail.com
45; Rayan; Leroy; 31; Professions intellectuelles superieures; Le Tampon; 0643217345; marcogzapro@gmail.com
46; Camil; Garnier; 65; Personne sans activité professionnelle; Drancy; 0730052997; marcogzapro@gmail.com
47; Wassim; Simon; 63; Ouvriers; Reims; 0768094881; marcogzapro@gmail.com
48; Ayden; Andre; 61; Agriculteurs exploitants; Toulon; 0692114984; marcogzapro@gmail.com
49; Charly; Barbier; 28; Artisans; Asnières-sur-Seine; 0683191287; marcogzapro@gmail.com
50; Noam; Vincent; 54; Commercants; Antony; 0668863472; marcogzapro@gmail.com
51; Elsa; Renaud; 62; Chefs d'entreprise; Asnières-sur-Seine; 0644199231; marcogzapro@gmail.com
52; Lisa; Pierre; 51; Professions intellectuelles superieures; Cergy; 0729377232; marcogzapro@gmail.com
53; Alba; Guillaume; 76; Retraité; Saint-Pierre; 0783231439; marcogzapro@gmail.com
54; Soline; Clement; 36; Professions intellectuelles superieures; Clermont-Ferrand; 0648065739; marcogzapro@gmail.com
55; Salome; Fabre; 30; Professions intermédiaires; Montpellier; 0730037503; marcogzapro@gmail.com
56; Alicia; Girard; 41; Employes; Avignon; 0763851995; marcogzapro@gmail.com
57; Thea; Henry; 71; Retraité; Vénissieux; 0673358444; marcogzapro@gmail.com
58; Joy; Lemaire; 29; Chefs d'entreprise; Nancy; 0747756455; marcogzapro@gmail.com
59; Celeste; Thomas; 47; Professions intellectuelles superieures; Roubaix; 0660712428; marcogzapro@gmail.com
60; Mila; Meunier; 84; Retraité; Lorient; 0688514746; marcogzapro@gmail.com
61; Emmy; Francois; 30; Ouvriers; Villeneuve-d'Ascq; 0695820658; marcogzapro@gmail.com
62; Camille; Martin; 84; Retraité; Toulouse; 0647380462; marcogzapro@gmail.com
63; Marie; Muller; 56; Artisans; Versailles; 0758642268; marcogzapro@gmail.com
64; Leana; Dumas; 71; Retraité; Mulhouse; 0628408512; marcogzapro@gmail.com
65; Mila; Brun; 63; Ouvriers; Asnières-sur-Seine; 0656121534; marcogzapro@gmail.com
66; Alicia; Roussel; 79; Retraité; Saint-Pierre; 0635979922; marcogzapro@gmail.com
67; Anna; Martinez; 25; Commercants; Saint-Denis; 0686737847; marcogzapro@gmail.com
68; Anais; Gerard; 32; Commercants; Mulhouse; 0620483357; marcogzapro@gmail.com
69; Charlotte; Bertrand; 41; Ouvriers; Issy-les-Moulineaux; 0799755459; marcogzapro@gmail.com
70; Maria; Denis; 71; Retraité; Évry-Courcouronnes; 0776056254; marcogzapro@gmail.com
71; Mya; Vincent; 41; Artisans; Antony; 0625547661; marcogzapro@gmail.com
72; Romy; Fournier; 76; Retraité; Toulouse; 0744730459; marcogzapro@gmail.com
73; Mila; Michel; 59; Personne sans activité professionnelle; Colombes; 0729873334; marcogzapro@gmail.com
74; Apolline; Leroux; 21; Professions intellectuelles superieures; Niort; 0684719175; marcogzapro@gmail.com
75; Assia; Laurent; 35; Artisans; Paris; 0612093701; marcogzapro@gmail.com
76; Maria; Durand; 43; Artisans; La Rochelle; 0727640030; marcogzapro@gmail.com
77; Inaya; Riviere; 33; Cadres; Champigny-sur-Marne; 0680984675; marcogzapro@gmail.com
78; Amelia; Picard; 83; Retraité; Antibes; 0626918280; marcogzapro@gmail.com
79; Lina; Schmitt; 44; Professions intellectuelles superieures; La Rochelle; 0619012284; marcogzapro@gmail.com
80; Maya; Dubois; 39; Professions intermédiaires; Vitry-sur-Seine; 0738588990; marcogzapro@gmail.com
81; Lily; Roy; 61; Cadres; Argenteuil; 0678375962; marcogzapro@gmail.com
82; Ava; Payet; 36; Professions intermédiaires; Pau; 0710172522; marcogzapro@gmail.com
83; Lea; Henry; 86; Retraité; Quimper; 0614403744; marcogzapro@gmail.com
84; Ines; Blanchard; 39; Agriculteurs exploitants; Le Blanc-Mesnil; 0692373621; marcogzapro@gmail.com
85; Lina; Vincent; 77; Retraité; Avignon; 0710688952; marcogzapro@gmail.com
86; Celeste; Robin; 68; Retraité; Paris; 0612935274; marcogzapro@gmail.com
87; Ines; Martin; 43; Artisans; Brest; 0766490820; marcogzapro@gmail.com
88; Ines; Francois; 71; Retraité; Toulouse; 0769554219; marcogzapro@gmail.com
89; Ava; Gauthier; 23; Professions intermédiaires; Saint-Pierre; 0758155399; marcogzapro@gmail.com
90; Maelle; Fournier; 80; Retraité; Le Havre; 0618700620; marcogzapro@gmail.com
91; Lou; Muller; 19; Personne sans activité professionnelle; Ajaccio; 0630303376; marcogzapro@gmail.com
92; Jeanne; Leroux; 58; Personne sans activité professionnelle; Mulhouse; 0677424028; marcogzapro@gmail.com
93; Zelie; Simon; 82; Retraité; Cergy; 0678804021; marcogzapro@gmail.com
94; Agathe; Boyer; 27; Professions intermédiaires; Évry-Courcouronnes; 0642324522; marcogzapro@gmail.com
95; Lyana; Clement; 73; Retraité; Ajaccio; 0775905252; marcogzapro@gmail.com
96; Lisa; Garnier; 83; Retraité; Évry-Courcouronnes; 0753084169; marcogzapro@gmail.com
97; Lyana; Bertrand; 19; Chefs d'entreprise; Saint-Maur-des-Fossés; 0643748171; marcogzapro@gmail.com
98; Roxane; Brun; 25; Personne sans activité professionnelle; Pessac; 0764863975; marcogzapro@gmail.com
99; Agathe; Fournier; 53; Employes; Aix-en-Provence; 0754717536; marcogzapro@gmail.com
100; Thays; Vidal; 64; Commercants; Dunkerque; 0618794274; marcogzapro@gmail.com
